{
	"id": "b53d95f2-0178-496b-a36f-b0602d8e6f78",
	"name": "SkiServiceApi_TestEnvironment",
	"values": [
		{
			"key": "serviceOrderId",
			"value": "",
			"type": "default",
			"enabled": true
		},
		{
			"key": "statusId",
			"value": "",
			"type": "default",
			"enabled": true
		},
		{
			"key": "serviceId",
			"value": "",
			"type": "default",
			"enabled": true
		},
		{
			"key": "priorityId",
			"value": "",
			"type": "default",
			"enabled": true
		},
		{
			"key": "token",
			"value": "",
			"type": "default",
			"enabled": true
		},
		{
			"key": "userId",
			"value": "",
			"type": "default",
			"enabled": true
		}
	],
	"_postman_variable_scope": "environment",
	"_postman_exported_at": "2024-02-02T15:36:20.350Z",
	"_postman_exported_using": "Postman/10.22.9"
}